Title,Price,Availability,Rating
A Light in the ...,£51.77,Available,Three
Tipping the Velvet,£53.74,Available,One
Soumission,£50.10,Available,One
Sharp Objects,£47.82,Available,Four
Sapiens: A Brief History ...,£54.23,Available,Five
The Requiem Red,£22.65,Available,One
The Dirty Little Secrets ...,£33.34,Available,Four
The Coming Woman: A ...,£17.93,Available,Three
The Boys in the ...,£22.60,Available,Four
The Black Maria,£52.15,Available,One
Starving Hearts (Triangular Trade ...,£13.99,Available,Two
Shakespeare's Sonnets,£20.66,Available,Four
Set Me Free,£17.46,Available,Five
Scott Pilgrim's Precious Little ...,£52.29,Available,Five
Rip it Up and ...,£35.02,Available,Five
Our Band Could Be ...,£57.25,Available,Three
Olio,£23.88,Available,One
Mesaerion: The Best Science ...,£37.59,Available,One
Libertarianism for Beginners,£51.33,Available,Two
It's Only the Himalayas,£45.17,Available,Two
In Her Wake,£12.84,Available,One
How Music Works,£37.32,Available,Two
Foolproof Preserving: A Guide ...,£30.52,Available,Three
Chase Me (Paris Nights ...,£25.27,Available,Five
Black Dust,£34.53,Available,Five
Birdsong: A Story in ...,£54.64,Available,Three
America's Cradle of Quarterbacks: ...,£22.50,Available,Three
Aladdin and His Wonderful ...,£53.13,Available,Three
Worlds Elsewhere: Journeys Around ...,£40.30,Available,Five
Wall and Piece,£44.18,Available,Four
The Four Agreements: A ...,£17.66,Available,Five
The Five Love Languages: ...,£31.05,Available,Three
The Elephant Tree,£23.82,Available,Five
The Bear and the ...,£36.89,Available,One
Sophie's World,£15.94,Available,Five
Penny Maybe,£33.29,Available,Three
Maude (1883-1993):She Grew Up ...,£18.02,Available,Two
"In a Dark, Dark ...",£19.63,Available,One
Behind Closed Doors,£52.22,Available,Four
You can't bury them ...,£33.63,Available,Two
Slow States of Collapse: ...,£57.31,Available,Three
Reasons to Stay Alive,£26.41,Available,Two
Private Paris (Private #10),£47.61,Available,Five
#HigherSelfie: Wake Up Your ...,£23.11,Available,Five
Without Borders (Wanderlove #1),£45.07,Available,Two
When We Collided,£31.77,Available,One
"We Love You, Charlie ...",£50.27,Available,Five
Untitled Collection: Sabbath Poems ...,£14.27,Available,Four
Unseen City: The Majesty ...,£44.18,Available,Four
Unicorn Tracks,£18.78,Available,Three
Unbound: How Eight Technologies ...,£25.52,Available,One
Tsubasa: WoRLD CHRoNiCLE 2 ...,£16.28,Available,One
Throwing Rocks at the ...,£31.12,Available,Three
This One Summer,£19.49,Available,Four
Thirst,£17.27,Available,Five
The Torch Is Passed: ...,£19.09,Available,One
The Secret of Dreadwillow ...,£56.13,Available,One
The Pioneer Woman Cooks: ...,£56.41,Available,One
The Past Never Ends,£56.50,Available,Four
The Natural History of ...,£45.22,Available,Three
The Nameless City (The ...,£38.16,Available,Four
The Murder That Never ...,£54.11,Available,Three
The Most Perfect Thing: ...,£42.96,Available,Four
The Mindfulness and Acceptance ...,£23.89,Available,Four
The Life-Changing Magic of ...,£16.77,Available,Three
The Inefficiency Assassin: Time ...,£20.59,Available,Five
The Gutsy Girl: Escapades ...,£37.13,Available,One
The Electric Pencil: Drawings ...,£56.06,Available,One
The Death of Humanity: ...,£58.11,Available,Four
The Bulletproof Diet: Lose ...,£49.05,Available,Three
The Art Forger,£40.76,Available,Three
The Age of Genius: ...,£19.73,Available,One
The Activist's Tao Te ...,£32.24,Available,Five
Spark Joy: An Illustrated ...,£41.83,Available,Four
Soul Reader,£39.58,Available,Two
Security,£39.25,Available,Two
"Saga, Volume 6 (Saga ...",£25.02,Available,Three
"Saga, Volume 5 (Saga ...",£51.04,Available,Two
Reskilling America: Learning to ...,£19.83,Available,Two
"Rat Queens, Vol. 3: ...",£50.40,Available,Three
"Princess Jellyfish 2-in-1 Omnibus, ...",£13.61,Available,Five
Princess Between Worlds (Wide-Awake ...,£13.34,Available,Five
"Pop Gun War, Volume ...",£18.97,Available,One
"Political Suicide: Missteps, Peccadilloes, ...",£36.28,Available,Two
Patience,£10.16,Available,Three
"Outcast, Vol. 1: A ...",£15.44,Available,Four
orange: The Complete Collection ...,£48.41,Available,One
Online Marketing for Busy ...,£46.35,Available,One
On a Midnight Clear,£14.07,Available,Three
Obsidian (Lux #1),£14.86,Available,Two
My Paris Kitchen: Recipes ...,£33.37,Available,Two
Masks and Shadows,£56.40,Available,Two
Mama Tried: Traditional Italian ...,£14.02,Available,Four
"Lumberjanes, Vol. 2: Friendship ...",£46.91,Available,Two
"Lumberjanes, Vol. 1: Beware ...",£45.61,Available,Three
Lumberjanes Vol. 3: A ...,£19.92,Available,Two
"Layered: Baking, Building, and ...",£40.11,Available,One
Judo: Seven Steps to ...,£53.90,Available,Two
Join,£35.67,Available,Five
In the Country We ...,£22.00,Available,Four
Immunity: How Elie Metchnikoff ...,£57.36,Available,Five
"I Hate Fairyland, Vol. ...",£29.17,Available,Two
I am a Hero ...,£54.63,Available,Three
How to Be Miserable: ...,£46.03,Available,One
Her Backup Boyfriend (The ...,£33.97,Available,One
"Giant Days, Vol. 2 ...",£22.11,Available,Two
Forever and Forever: The ...,£29.69,Available,Three
First and First (Five ...,£15.97,Available,Four
Fifty Shades Darker (Fifty ...,£21.96,Available,One
Everydata: The Misinformation Hidden ...,£54.35,Available,Two
Don't Be a Jerk: ...,£37.97,Available,Two
Danganronpa Volume 1,£51.99,Available,Four
Crown of Midnight (Throne ...,£43.29,Available,Three
"Codename Baboushka, Volume 1: ...",£36.72,Available,Four
Camp Midnight,£17.08,Available,Four
Call the Nurse: True ...,£29.14,Available,Five
Burning,£28.81,Available,Three
Bossypants,£49.46,Available,Two
"Bitch Planet, Vol. 1: ...",£37.92,Available,Two
Avatar: The Last Airbender: ...,£28.09,Available,Two
Algorithms to Live By: ...,£30.81,Available,One
A World of Flavor: ...,£42.95,Available,One
"A Piece of Sky, ...",£56.76,Available,Five
A Murder in Time,£16.64,Available,One
A Flight of Arrows ...,£55.53,Available,Five
A Fierce and Subtle ...,£28.13,Available,Four
A Court of Thorns ...,£52.37,Available,One
(Un)Qualified: How God Uses ...,£54.00,Available,Five
You Are What You ...,£21.87,Available,Four
William Shakespeare's Star Wars: ...,£43.30,Available,Four
Tuesday Nights in 1980,£21.04,Available,Two
Tracing Numbers on a ...,£41.60,Available,Three
Throne of Glass (Throne ...,£35.07,Available,Three
Thomas Jefferson and the ...,£59.64,Available,One
Thirteen Reasons Why,£52.72,Available,One
The White Cat and ...,£58.08,Available,Four
The Wedding Dress,£24.12,Available,One
The Vacationers,£42.15,Available,Four
The Third Wave: An ...,£12.61,Available,Five
The Stranger,£17.44,Available,Four
The Shadow Hero (The ...,£33.14,Available,One
The Secret (The Secret ...,£27.37,Available,Four
The Regional Office Is ...,£51.36,Available,Five
The Psychopath Test: A ...,£36.00,Available,Two
The Project,£10.65,Available,One
The Power of Now: ...,£43.54,Available,Two
The Omnivore's Dilemma: A ...,£38.21,Available,Two
The Nerdy Nummies Cookbook: ...,£37.34,Available,Five
The Murder of Roger ...,£44.10,Available,Four
The Mistake (Off-Campus #2),£43.29,Available,Three
The Matchmaker's Playbook (Wingmen ...,£55.85,Available,One
The Love and Lemons ...,£37.60,Available,Two
The Long Shadow of ...,£10.97,Available,One
The Kite Runner,£41.82,Available,Four
The House by the ...,£36.95,Available,One
The Glittering Court (The ...,£44.28,Available,One
The Girl on the ...,£55.02,Available,Two
The Genius of Birds,£17.24,Available,One
The Emerald Mystery,£23.15,Available,Two
The Cookies & Cups ...,£41.25,Available,One
The Bridge to Consciousness: ...,£32.00,Available,Three
The Artist's Way: A ...,£38.49,Available,Five
The Art of War,£33.34,Available,Five
The Argonauts,£10.93,Available,Two
The 10% Entrepreneur: Live ...,£27.55,Available,Three
Suddenly in Love (Lake ...,£55.99,Available,Two
Something More Than This,£16.24,Available,Four
Soft Apocalypse,£26.12,Available,Two
So You've Been Publicly ...,£12.23,Available,Two
Shoe Dog: A Memoir ...,£23.99,Available,Two
"Shobu Samurai, Project Aryoku ...",£29.06,Available,Three
Secrets and Lace (Fatal ...,£20.27,Available,One
Scarlett Epstein Hates It ...,£43.55,Available,Five
Romero and Juliet: A ...,£36.94,Available,One
Redeeming Love,£20.47,Available,Five
Poses for Artists Volume ...,£41.06,Available,One
Poems That Make Grown ...,£14.19,Available,Four
"Nightingale, Sing",£38.28,Available,One
Night Sky with Exit ...,£41.05,Available,One
Mrs. Houdini,£30.25,Available,Five
Modern Romance,£28.26,Available,Five
Miss Peregrine’s Home for ...,£10.76,Available,One
Louisa: The Extraordinary Life ...,£16.85,Available,Two
Little Red,£13.47,Available,Three
Library of Souls (Miss ...,£48.56,Available,Five
Large Print Heart of ...,£19.15,Available,Two
I Had a Nice ...,£57.36,Available,Four
Hollow City (Miss Peregrine’s ...,£42.98,Available,One
Grumbles,£22.16,Available,Two
Full Moon over Noah’s ...,£49.43,Available,Four
Frostbite (Vampire Academy #2),£29.99,Available,Five
Follow You Home,£21.36,Available,One
First Steps for New ...,£29.00,Available,One
Finders Keepers (Bill Hodges ...,£53.53,Available,Five
"Fables, Vol. 1: Legends ...",£41.62,Available,Four
Eureka Trivia 6.0,£54.59,Available,Four
Drive: The Surprising Truth ...,£34.95,Available,Four
Done Rubbed Out (Reightman ...,£37.72,Available,Five
Doing It Over (Most ...,£35.61,Available,Three
Deliciously Ella Every Day: ...,£42.16,Available,Three
Dark Notes,£19.19,Available,Five
Daring Greatly: How the ...,£19.43,Available,Three
Close to You,£49.46,Available,Four
Chasing Heaven: What Dying ...,£37.80,Available,Two
Big Magic: Creative Living ...,£30.80,Available,Three
Becoming Wise: An Inquiry ...,£27.43,Available,Two
Beauty Restored (Riley Family ...,£11.11,Available,Two
Batman: The Long Halloween ...,£36.50,Available,Two
Batman: The Dark Knight ...,£15.38,Available,Five
Ayumi's Violin,£15.48,Available,Two
Anonymous,£46.82,Available,Four
Amy Meets the Saints ...,£18.46,Available,Three
Amid the Chaos,£36.58,Available,One
Amatus,£50.54,Available,Five
Agnostic: A Spirited Manifesto,£12.51,Available,Five
Zealot: The Life and ...,£24.70,Available,Three
You (You #1),£43.61,Available,Five
"Wonder Woman: Earth One, ...",£37.34,Available,Four
Wild Swans,£14.36,Available,Two
Why the Right Went ...,£52.65,Available,Four
Whole Lotta Creativity Going ...,£38.20,Available,Four
What's It Like in ...,£19.60,Available,Two
"We Are Robin, Vol. ...",£53.90,Available,One
Walt Disney's Alice in ...,£12.96,Available,Five
V for Vendetta (V ...,£37.10,Available,Four
Until Friday Night (The ...,£46.31,Available,Two
Unbroken: A World War ...,£45.95,Available,Two
Twenty Yawns,£22.08,Available,Two
Through the Woods,£25.38,Available,Two
This Is Where It ...,£27.12,Available,Two
The Year of Magical ...,£43.04,Available,Two
The Wright Brothers,£56.80,Available,Four
The White Queen (The ...,£25.91,Available,Five
The Wedding Pact (The ...,£32.61,Available,Three
The Time Keeper,£27.88,Available,Five
The Testament of Mary,£52.67,Available,Four
The Star-Touched Queen,£46.02,Available,Five
The Songs of the ...,£44.48,Available,Five
The Song of Achilles,£37.40,Available,Five
The Rosie Project (Don ...,£54.04,Available,One
The Power of Habit: ...,£16.88,Available,Three
The Marriage of Opposites,£28.08,Available,Four
The Lucifer Effect: Understanding ...,£10.40,Available,One
The Long Haul (Diary ...,£44.07,Available,One
The Loney,£23.40,Available,One
The Literature Book (Big ...,£17.43,Available,Three
The Last Mile (Amos ...,£54.21,Available,Two
The Immortal Life of ...,£40.67,Available,Two
The Hidden Oracle (The ...,£52.26,Available,Two
The Help Yourself Cookbook ...,£28.77,Available,Three
The Guilty (Will Robie ...,£13.82,Available,Two
The First Hostage (J.B. ...,£25.85,Available,Three
The Dovekeepers,£48.78,Available,One
The Darkest Lie,£35.35,Available,Five
The Bane Chronicles (The ...,£44.73,Available,Four
The Bad-Ass Librarians of ...,£15.77,Available,One
The 14th Colony (Cotton ...,£39.24,Available,One
That Darkness (Gardiner and ...,£13.92,Available,One
Tastes Like Fear (DI ...,£10.69,Available,One
Take Me with You,£45.21,Available,Three
Swell: A Year of ...,£45.58,Available,One
Superman Vol. 1: Before ...,£11.89,Available,Five
Still Life with Bread ...,£26.41,Available,Three
Steve Jobs,£39.50,Available,Five
Sorting the Beef from ...,£44.74,Available,Four
Someone Like You (The ...,£52.79,Available,Five
"So Cute It Hurts!!, ...",£35.43,Available,Four
Shtum,£55.84,Available,Four
See America: A Celebration ...,£48.87,Available,Three
salt.,£46.78,Available,Four
Robin War,£47.82,Available,Three
"Red Hood/Arsenal, Vol. 1: ...",£25.48,Available,Two
Rain Fish,£23.57,Available,Three
Quarter Life Poetry: Poems ...,£50.89,Available,Five
Pet Sematary,£10.56,Available,Three
"Overload: How to Unplug, ...",£52.15,Available,Three
Once Was a Time,£18.28,Available,Two
Old School (Diary of ...,£11.83,Available,Five
No Dream Is Too ...,£21.95,Available,Two
"Naruto (3-in-1 Edition), Vol. ...",£38.39,Available,Two
My Name Is Lucy ...,£41.56,Available,One
My Mrs. Brown,£24.48,Available,Three
My Kind of Crazy,£40.36,Available,One
Mr. Mercedes (Bill Hodges ...,£28.90,Available,One
More Than Music (Chasing ...,£37.61,Available,Two
Made to Stick: Why ...,£38.85,Available,Five
Luis Paints the World,£53.95,Available,Three
Luckiest Girl Alive,£49.83,Available,Three
Lowriders to the Center ...,£51.51,Available,Two
Love Is a Mix ...,£18.03,Available,One
Looking for Lovely: Collecting ...,£29.14,Available,Five
Living Leadership by Insight: ...,£46.91,Available,Four
Let It Out: A ...,£26.79,Available,Five
Lady Midnight (The Dark ...,£16.28,Available,Five
"It's All Easy: Healthy, ...",£19.55,Available,One
Island of Dragons (Unwanteds ...,£29.65,Available,One
I Know What I'm ...,£25.98,Available,Four
I Am Pilgrim (Pilgrim ...,£10.60,Available,Four
Hyperbole and a Half: ...,£14.75,Available,Five
"Hush, Hush (Hush, Hush ...",£47.02,Available,Three
Hold Your Breath (Search ...,£28.82,Available,One
Hamilton: The Revolution,£58.79,Available,Three
Greek Mythic History,£10.23,Available,Five
God: The Most Unpleasant ...,£30.03,Available,Five
Glory over Everything: Beyond ...,£45.84,Available,Three
Feathers: Displays of Brilliant ...,£49.05,Available,Three
Far & Away: Places ...,£15.06,Available,Four
Every Last Word,£46.47,Available,Three
Eligible (The Austen Project ...,£27.09,Available,Three
El Deafo,£57.62,Available,Five
Eight Hundred Grapes,£14.39,Available,Four
Eaternity: More than 150 ...,£51.75,Available,Five
"Eat Fat, Get Thin",£54.07,Available,Two
Don't Get Caught,£55.35,Available,One
Doctor Sleep (The Shining ...,£40.12,Available,Two
Demigods & Magicians: Percy ...,£37.51,Available,Five
Dear Mr. Knightley,£11.21,Available,Five
Daily Fantasy Sports,£36.58,Available,One
Crazy Love: Overwhelmed by ...,£47.72,Available,Two
Cometh the Hour (The ...,£25.01,Available,Three
Code Name Verity (Code ...,£22.13,Available,Four
Clockwork Angel (The Infernal ...,£44.14,Available,One
City of Glass (The ...,£56.02,Available,Four
City of Fallen Angels ...,£11.23,Available,Four
City of Bones (The ...,£43.28,Available,One
City of Ashes (The ...,£47.27,Available,One
Cell,£20.29,Available,Four
Catching Jordan (Hundred Oaks),£50.83,Available,Three
"Carry On, Warrior: Thoughts ...",£31.85,Available,Three
Carrie,£46.23,Available,Two
Buying In: The Secret ...,£37.80,Available,Four
Brain on Fire: My ...,£49.32,Available,Five
Batman: Europa,£32.01,Available,Two
Barefoot Contessa Back to ...,£28.01,Available,One
Barefoot Contessa at Home: ...,£50.62,Available,Five
Balloon Animals,£17.03,Available,Three
Art Ops Vol. 1,£48.80,Available,Three
Aristotle and Dante Discover ...,£58.14,Available,Four
Angels Walking (Angels Walking ...,£34.20,Available,Two
Angels & Demons (Robert ...,£51.48,Available,Three
All the Light We ...,£29.87,Available,Five
Adulthood Is a Myth: ...,£10.90,Available,Two
Abstract City,£56.37,Available,Five
A Time of Torment ...,£48.35,Available,Five
A Study in Scarlet ...,£16.73,Available,Two
A Series of Catastrophes ...,£56.48,Available,Two
A People's History of ...,£40.79,Available,Two
A Man Called Ove,£39.72,Available,One
A Distant Mirror: The ...,£14.58,Available,Three
A Brush of Wings ...,£55.51,Available,One
1491: New Revelations of ...,£21.80,Available,Three
"The Three Searches, Meaning, ...",£13.33,Available,Three
Searching for Meaning in ...,£38.73,Available,One
Rook,£37.86,Available,Four
My Kitchen Year: 136 ...,£11.53,Available,Two
13 Hours: The Inside ...,£27.06,Available,One
Will You Won't You ...,£13.86,Available,Three
Tipping Point for Planet ...,£37.55,Available,One
The Star-Touched Queen,£32.30,Available,Five
The Silent Sister (Riley ...,£46.29,Available,Five
The Midnight Watch: A ...,£26.20,Available,One
The Lonely City: Adventures ...,£33.26,Available,Two
The Gray Rhino: How ...,£59.15,Available,Four
The Golden Condom: And ...,£39.43,Available,One
The Epidemic (The Program ...,£14.44,Available,Five
The Dinner Party,£56.54,Available,Two
The Diary of a ...,£59.90,Available,Three
The Children,£11.88,Available,Three
Stars Above (The Lunar ...,£48.05,Available,Two
Snatched: How A Drug ...,£21.21,Available,Three
Raspberry Pi Electronics Projects ...,£49.67,Available,Four
Quench Your Own Thirst: ...,£43.14,Available,One
Psycho: Sanitarium (Psycho #1.5),£36.97,Available,Five
Poisonous (Max Revere Novels ...,£26.80,Available,Three
One with You (Crossfire ...,£15.71,Available,Four
No Love Allowed (Dodge ...,£54.65,Available,Four
Murder at the 42nd ...,£54.36,Available,Four
Most Wanted,£35.28,Available,Three
"Love, Lies and Spies",£20.55,Available,Two
How to Speak Golf: ...,£58.32,Available,Five
Hide Away (Eve Duncan ...,£11.84,Available,One
Furiously Happy: A Funny ...,£41.46,Available,Four
Everyday Italian: 125 Simple ...,£20.10,Available,Five
Equal Is Unfair: America's ...,£56.86,Available,One
Eleanor & Park,£56.51,Available,Five
Dirty (Dive Bar #1),£40.83,Available,Four
Can You Keep a ...,£48.64,Available,One
Boar Island (Anna Pigeon ...,£59.48,Available,Three
A Paris Apartment,£39.01,Available,Four
A la Mode: 120 ...,£38.77,Available,One
Troublemaker: Surviving Hollywood and ...,£48.39,Available,Two
The Widow,£27.26,Available,Two
The Sleep Revolution: Transforming ...,£11.68,Available,Four
The Improbability of Love,£59.45,Available,One
The Art of Startup ...,£21.00,Available,Three
Take Me Home Tonight ...,£53.98,Available,Three
Sleeping Giants (Themis Files ...,£48.74,Available,One
Setting the World on ...,£21.15,Available,Two
Playing with Fire,£13.71,Available,Three
Off the Hook (Fishing ...,£47.67,Available,Three
Mothering Sunday,£13.34,Available,Two
"Mother, Can You Not?",£16.89,Available,Five
M Train,£27.18,Available,One
Lilac Girls,£17.28,Available,Two
Lies and Other Acts ...,£45.14,Available,One
Lab Girl,£40.85,Available,One
Keep Me Posted,£20.46,Available,Four
It Didn't Start with ...,£56.27,Available,Three
Grey (Fifty Shades #4),£48.49,Available,Four
"Exit, Pursued by a ...",£51.34,Available,Four
Daredevils,£16.34,Available,Three
Cravings: Recipes for What ...,£20.50,Available,Three
Born for This: How ...,£21.59,Available,Five
Arena,£21.36,Available,Four
Adultery,£20.88,Available,Five
A Mother's Reckoning: Living ...,£19.53,Available,Three
A Gentleman's Position (Society ...,£14.75,Available,Five
11/22/63,£48.48,Available,Three
10% Happier: How I ...,£24.57,Available,Two
10-Day Green Smoothie Cleanse: ...,£49.71,Available,Five
Without Shame,£48.27,Available,Five
Watchmen,£58.05,Available,Four
Unlimited Intuition Now,£58.87,Available,Four
Underlying Notes,£11.82,Available,Two
The Shack,£28.03,Available,One
The New Brand You: ...,£44.05,Available,Five
The Moosewood Cookbook: Recipes ...,£12.34,Available,Four
The Flowers Lied,£16.68,Available,Two
The Fabric of the ...,£55.91,Available,One
The Book of Mormon,£24.57,Available,Three
The Art and Science ...,£52.98,Available,Five
The Alien Club,£54.40,Available,One
Suzie Snowflake: One beautiful ...,£54.81,Available,Five
Nap-a-Roo,£25.08,Available,One
NaNo What Now? Finding ...,£10.41,Available,Four
Modern Day Fables,£47.44,Available,Two
If I Gave You ...,£20.91,Available,One
"Fruits Basket, Vol. 9 ...",£33.95,Available,Four
Dress Your Family in ...,£43.68,Available,Three
Don't Forget Steven,£33.23,Available,One
Chernobyl 01:23:40: The Incredible ...,£35.92,Available,Two
Art and Fear: Observations ...,£48.63,Available,Four
A Shard of Ice ...,£56.63,Available,Three
A Hero's Curse (The ...,£50.49,Available,Three
23 Degrees South: A ...,£35.79,Available,Two
Zero to One: Notes ...,£34.06,Available,Three
Why Not Me?,£17.76,Available,One
When Breath Becomes Air,£39.36,Available,Two
Vagabonding: An Uncommon Guide ...,£36.94,Available,Two
The Unlikely Pilgrimage of ...,£43.62,Available,Five
The New Drawing on ...,£43.02,Available,Three
"The Midnight Assassin: Panic, ...",£28.45,Available,Four
The Martian (The Martian ...,£41.39,Available,Two
The High Mountains of ...,£51.15,Available,One
The Grownup,£35.88,Available,One
The E-Myth Revisited: Why ...,£36.91,Available,One
South of Sunshine,£28.93,Available,One
Smarter Faster Better: The ...,£38.89,Available,Five
Silence in the Dark ...,£58.33,Available,Three
Shadows of the Past ...,£39.67,Available,Five
Roller Girl,£14.10,Available,Five
Rising Strong,£21.82,Available,Three
Proofs of God: Classical ...,£54.21,Available,One
Please Kill Me: The ...,£31.19,Available,Four
Out of Print: City ...,£53.64,Available,Five
My Life Next Door ...,£36.39,Available,Five
Miller's Valley,£58.54,Available,Two
Man's Search for Meaning,£29.48,Available,Three
Love That Boy: What ...,£25.06,Available,Two
Living Forward: A Proven ...,£12.55,Available,Three
Les Fleurs du Mal,£29.04,Available,Five
Left Behind (Left Behind ...,£40.72,Available,Two
Kill 'Em and Leave: ...,£45.05,Available,Five
Kierkegaard: A Christian Missionary ...,£47.13,Available,One
John Vassos: Industrial Design ...,£20.22,Available,Four
I'll Give You the ...,£56.48,Available,One
I Will Find You,£44.21,Available,One
Hystopia: A Novel,£21.96,Available,Four
Howl and Other Poems,£40.45,Available,Two
History of Beauty,£10.29,Available,Four
Heaven is for Real: ...,£52.86,Available,Two
Future Shock (Future Shock ...,£55.65,Available,Five
Ender's Game (The Ender ...,£43.64,Available,One
Diary of a Citizen ...,£28.41,Available,One
Death by Leisure: A ...,£37.51,Available,Four
Brilliant Beacons: A History ...,£11.45,Available,Three
Brazen: The Courage to ...,£19.22,Available,Two
Between the World and ...,£56.91,Available,Four
Being Mortal: Medicine and ...,£55.06,Available,Four
A Murder Over a ...,£13.20,Available,Three
32 Yolks,£53.63,Available,Two
"""Most Blessed of the ...",£44.48,Available,Five
You Are a Badass: ...,£12.08,Available,Three
Wildlife of New York: ...,£22.14,Available,Two
What Happened on Beale ...,£25.37,Available,Five
Unreasonable Hope: Finding Faith ...,£46.33,Available,Two
Under the Tuscan Sun,£37.33,Available,Three
Toddlers Are A**holes: It's ...,£25.55,Available,One
The Year of Living ...,£34.72,Available,One
The Whale,£35.96,Available,Four
The Story of Art,£41.14,Available,Four
The Origin of Species,£10.01,Available,Four
The Great Gatsby,£36.05,Available,Four
The Good Girl,£49.03,Available,Three
The Glass Castle,£16.24,Available,One
The Faith of Christopher ...,£39.55,Available,One
The Drowning Girls,£35.67,Available,Three
The Constant Princess (The ...,£16.62,Available,Three
The Bourne Identity (Jason ...,£42.78,Available,Four
The Bachelor Girl's Guide ...,£52.30,Available,Five
The Art Book,£32.34,Available,Two
The 7 Habits of ...,£33.17,Available,Four
Team of Rivals: The ...,£20.12,Available,Five
Steal Like an Artist: ...,£20.90,Available,Two
"Sit, Stay, Love",£20.90,Available,Three
Sister Dear,£40.20,Available,Four
"Shrunken Treasures: Literary Classics, ...",£52.87,Available,Three
"Rich Dad, Poor Dad",£51.74,Available,One
Raymie Nightingale,£34.41,Available,Two
Playing from the Heart,£32.38,Available,One
Nightstruck: A Novel,£50.35,Available,Four
Naturally Lean: 125 Nourishing ...,£11.38,Available,Five
Meternity,£43.58,Available,Three
Memoirs of a Geisha,£49.67,Available,Three
Like Never Before (Walker ...,£28.77,Available,Two
Life of Pi,£13.22,Available,Four
Leave This Song Behind: ...,£51.17,Available,Five
King's Folly (The Kinsman ...,£39.61,Available,Five
John Adams,£57.43,Available,Four
How to Cook Everything ...,£46.01,Available,Four
How to Be a ...,£28.25,Available,Two
Good in Bed (Cannie ...,£37.05,Available,Five
"Fruits Basket, Vol. 7 ...",£19.57,Available,One
For the Love: Fighting ...,£45.13,Available,Three
Finding God in the ...,£46.64,Available,Two
Every Heart a Doorway ...,£12.16,Available,Five
Delivering the Truth (Quaker ...,£20.89,Available,Four
Counted With the Stars ...,£17.97,Available,Five
"Chronicles, Vol. 1",£52.60,Available,Two
Blue Like Jazz: Nonreligious ...,£25.77,Available,One
Benjamin Franklin: An American ...,£48.19,Available,Three
At The Existentialist Café: ...,£29.93,Available,Five
A Summer In Europe,£44.34,Available,Two
A Short History of ...,£52.40,Available,Five
A Gathering of Shadows ...,£44.81,Available,Four
The Sound Of Love,£57.84,Available,Five
The Rise and Fall ...,£39.67,Available,Two
The Perks of Being ...,£55.02,Available,Three
The Mysterious Affair at ...,£24.80,Available,Four
The Man Who Mistook ...,£59.45,Available,Four
The Makings of a ...,£31.58,Available,Two
The Joy of Cooking,£43.27,Available,Four
The Invention of Wings,£37.34,Available,One
The Hobbit (Middle-Earth Universe),£17.80,Available,Five
The Great Railway Bazaar,£30.54,Available,One
The Golden Compass (His ...,£18.77,Available,One
The God Delusion,£46.85,Available,Three
The Girl You Left ...,£15.79,Available,One
The Fellowship of the ...,£10.27,Available,Two
The Collected Poems of ...,£15.42,Available,Five
The Barefoot Contessa Cookbook,£59.92,Available,Five
Tell the Wolves I'm ...,£50.96,Available,Two
Ship Leaves Harbor: Essays ...,£30.60,Available,Three
Pride and Prejudice,£19.27,Available,Four
Musicophilia: Tales of Music ...,£46.58,Available,One
Mere Christianity,£48.51,Available,Three
Me Before You (Me ...,£19.02,Available,One
In the Woods (Dublin ...,£38.38,Available,Two
In Cold Blood,£49.98,Available,Four
How to Stop Worrying ...,£46.49,Available,Five
Give It Back,£18.32,Available,Two
"Girl, Interrupted",£42.14,Available,Three
Fun Home: A Family ...,£56.59,Available,Four
"Fruits Basket, Vol. 6 ...",£20.96,Available,Four
Deception Point,£40.32,Available,Four
"Death Note, Vol. 6: ...",£36.39,Available,Three
Catherine the Great: Portrait ...,£58.55,Available,Four
Better Homes and Gardens ...,£39.61,Available,Three
An Unquiet Mind: A ...,£21.30,Available,Three
A Year in Provence ...,£56.88,Available,Four
World Without End (The ...,£32.97,Available,Four
"Will Grayson, Will Grayson ...",£47.31,Available,Four
Why Save the Bankers?: ...,£48.67,Available,Two
Where She Went (If ...,£41.73,Available,Four
What If?: Serious Scientific ...,£53.68,Available,Four
Two Summers,£14.64,Available,One
This Is Your Brain ...,£38.40,Available,One
The Secret Garden,£15.08,Available,Four
The Raven King (The ...,£30.57,Available,Two
The Raven Boys (The ...,£57.74,Available,Four
The Power Greens Cookbook: ...,£11.05,Available,Five
The Metamorphosis,£28.58,Available,One
The Mathews Men: Seven ...,£42.91,Available,Five
The Little Paris Bookshop,£24.73,Available,Three
The Hiding Place,£55.91,Available,Four
The Grand Design,£13.76,Available,Three
The Firm,£45.56,Available,Three
The Fault in Our ...,£47.22,Available,One
The False Prince (The ...,£56.00,Available,Five
The Expatriates,£44.58,Available,Two
The Dream Thieves (The ...,£34.50,Available,One
The Darkest Corners,£11.33,Available,Five
The Crossover,£38.77,Available,Four
The 5th Wave (The ...,£11.83,Available,Two
Tell the Wind and ...,£45.51,Available,Three
Tell Me Three Things,£41.81,Available,One
Talking to Girls About ...,£25.15,Available,Four
Siddhartha,£34.22,Available,Five
Shiver (The Wolves of ...,£16.23,Available,Five
Remember Me?,£11.48,Available,Three
Red Dragon (Hannibal Lecter ...,£23.37,Available,Three
Peak: Secrets from the ...,£16.28,Available,Two
My Mother Was Nuts,£31.63,Available,Four
Mexican Today: New and ...,£24.91,Available,Five
Maybe Something Beautiful: How ...,£22.54,Available,One
Lola and the Boy ...,£23.63,Available,Four
Logan Kade (Fallen Crest ...,£13.12,Available,Two
Last One Home (New ...,£59.98,Available,Three
Killing Floor (Jack Reacher ...,£31.49,Available,Four
Kill the Boy Band,£15.52,Available,Five
Isla and the Happily ...,£48.13,Available,Five
If I Stay (If ...,£38.13,Available,Five
I Know Why the ...,£36.55,Available,Two
Harry Potter and the ...,£23.32,Available,One
"Fruits Basket, Vol. 5 ...",£16.33,Available,One
Foundation (Foundation (Publication Order) ...,£32.42,Available,One
Fool Me Once,£16.96,Available,One
Find Her (Detective D.D. ...,£22.37,Available,One
Evicted: Poverty and Profit ...,£42.27,Available,One
Drama,£38.70,Available,Two
Dracula the Un-Dead,£35.63,Available,Five
Digital Fortress,£58.00,Available,Five
"Death Note, Vol. 5: ...",£52.41,Available,One
"Data, A Love Story: ...",£32.35,Available,Three
Critique of Pure Reason,£20.75,Available,One
Booked,£17.49,Available,Five
"Blue Lily, Lily Blue ...",£34.13,Available,Five
Approval Junkie: Adventures in ...,£58.81,Available,Five
An Abundance of Katherines,£10.00,Available,Five
America's War for the ...,£51.22,Available,Two
Alight (The Generations Trilogy ...,£58.59,Available,Four
A Girl's Guide to ...,£31.30,Available,One
A Game of Thrones ...,£46.42,Available,Two
A Feast for Crows ...,£17.21,Available,Four
A Clash of Kings ...,£10.79,Available,Three
Vogue Colors A to ...,£52.35,Available,Four
The Shining (The Shining ...,£27.88,Available,Three
The Pilgrim's Progress,£50.26,Available,Two
The Perfect Play (Play ...,£59.99,Available,Three
The Passion of Dolssa,£28.32,Available,Five
The Jazz of Physics: ...,£38.71,Available,Three
The Hunger Games (The ...,£29.85,Available,Five
The Hound of the ...,£14.82,Available,Two
The Gunning of America: ...,£16.81,Available,Four
The Geography of Bliss: ...,£28.23,Available,Two
The Demonists (Demonist #1),£52.11,Available,Two
The Demon Prince of ...,£27.88,Available,Two
The Bone Hunters (Lexy ...,£59.71,Available,Three
The Beast (Black Dagger ...,£46.08,Available,Five
Some Women,£13.73,Available,Five
Shopaholic Ties the Knot ...,£48.39,Available,Five
Paper and Fire (The ...,£49.45,Available,Five
Outlander (Outlander #1),£19.67,Available,Five
Orchestra of Exiles: The ...,£12.36,Available,Three
No One Here Gets ...,£20.02,Available,Five
Night Shift (Night Shift ...,£12.75,Available,Four
Needful Things,£47.51,Available,Four
Mockingjay (The Hunger Games ...,£20.44,Available,Four
Misery,£34.79,Available,Two
Little Women (Little Women ...,£28.07,Available,Four
It,£25.01,Available,Three
Harry Potter and the ...,£13.90,Available,Three
Harry Potter and the ...,£24.17,Available,Four
Harry Potter and the ...,£31.63,Available,Four
Harry Potter and the ...,£48.75,Available,Five
Harry Potter and the ...,£14.74,Available,One
Gone with the Wind,£32.49,Available,Three
God Is Not Great: ...,£27.80,Available,One
Girl With a Pearl ...,£26.77,Available,One
"Fruits Basket, Vol. 4 ...",£50.44,Available,Four
Far From True (Promise ...,£34.93,Available,Two
Dark Lover (Black Dagger ...,£12.87,Available,One
Confessions of a Shopaholic ...,£48.94,Available,Two
Changing the Game (Play ...,£13.38,Available,Three
Candide,£58.63,Available,Three
Can You Keep a ...,£21.94,Available,One
Atlas Shrugged,£26.58,Available,Five
Animal Farm,£57.22,Available,Three
A Walk to Remember,£56.43,Available,One
A New Earth: Awakening ...,£55.65,Available,Five
A History of God: ...,£27.62,Available,One
'Salem's Lot,£49.56,Available,Four
Zero History (Blue Ant ...,£34.77,Available,One
Wuthering Heights,£17.73,Available,Three
World War Z: An ...,£21.80,Available,One
Wild: From Lost to ...,£46.02,Available,Three
"Where'd You Go, Bernadette",£18.13,Available,One
When You Are Engulfed ...,£30.89,Available,Five
We the People: The ...,£31.95,Available,Three
We Are All Completely ...,£24.04,Available,One
Walk the Edge (Thunder ...,£32.36,Available,Three
Voyager (Outlander #3),£21.07,Available,Five
Very Good Lives: The ...,£50.66,Available,Three
Vegan Vegetarian Omnivore: Dinner ...,£13.66,Available,Two
"Unstuffed: Decluttering Your Home, ...",£58.09,Available,One
Under the Banner of ...,£30.00,Available,One
Two Boys Kissing,£32.74,Available,Two
Twilight (Twilight #1),£41.93,Available,Two
Twenties Girl,£42.80,Available,Two
Trespassing Across America: One ...,£53.51,Available,One
Three-Martini Lunch,£23.21,Available,Three
"Thinking, Fast and Slow",£21.14,Available,One
The Wild Robot,£56.07,Available,Three
The Wicked + The ...,£14.41,Available,Three
The Undomestic Goddess,£45.75,Available,Four
The Travelers,£15.77,Available,One
The Tipping Point: How ...,£10.02,Available,Two
The Thing About Jellyfish,£48.77,Available,One
The Stand,£57.86,Available,Two
The Smitten Kitchen Cookbook,£23.59,Available,One
The Silkworm (Cormoran Strike ...,£23.05,Available,Five
"The Sandman, Vol. 3: ...",£55.55,Available,Five
The Rose & the ...,£58.64,Available,Four
The Road to Little ...,£23.21,Available,One
The Rise of Theodore ...,£42.57,Available,Three
The Restaurant at the ...,£10.92,Available,One
The Rest Is Noise: ...,£34.77,Available,One
The Red Tent,£35.66,Available,Five
The Purpose Driven Life: ...,£37.19,Available,Three
The Purest Hook (Second ...,£12.25,Available,One
The Picture of Dorian ...,£29.70,Available,Two
The Paris Wife,£36.80,Available,Three
The Obsession,£45.43,Available,One
The Nightingale,£26.26,Available,Four
The New Guy (and ...,£44.92,Available,Three
The Nanny Diaries (Nanny ...,£52.53,Available,Five
The Name of God ...,£37.25,Available,Two
The Maze Runner (The ...,£20.93,Available,One
The Lover's Dictionary,£58.09,Available,Two
The Lonely Ones,£43.59,Available,Five
The Lean Startup: How ...,£33.92,Available,Three
The Last Painting of ...,£55.55,Available,Two
"The Land of 10,000 ...",£29.64,Available,Four
The Infinities,£27.41,Available,One
The Husband's Secret,£52.51,Available,Five
The Hitchhiker's Guide to ...,£47.80,Available,Three
The Guns of August,£14.54,Available,Two
The Guernsey Literary and ...,£49.53,Available,One
The Goldfinch,£43.58,Available,Three
The Giver (The Giver ...,£12.30,Available,One
The Girl with All ...,£49.47,Available,Three
The Girl Who Played ...,£22.14,Available,Two
The Girl Who Kicked ...,£57.48,Available,One
The Exiled,£43.45,Available,Three
The End of Faith: ...,£22.13,Available,Four
"The Elegant Universe: Superstrings, ...",£13.03,Available,Four
The Disappearing Spoon: And ...,£57.35,Available,Five
The Devil Wears Prada ...,£44.29,Available,One
The Demon-Haunted World: Science ...,£52.25,Available,Four
The Day the Crayons ...,£26.33,Available,Five
The Da Vinci Code ...,£22.96,Available,Two
The Cuckoo's Calling (Cormoran ...,£19.21,Available,One
The Complete Stories and ...,£26.78,Available,Four
The Complete Poems,£41.32,Available,Five
The Catcher in the ...,£24.55,Available,One
The Cat in the ...,£16.26,Available,Two
The Case for Christ ...,£47.84,Available,One
The Book Thief,£53.49,Available,Two
The Book of Basketball: ...,£44.84,Available,Five
The Blind Side: Evolution ...,£53.71,Available,Five
The Autobiography of Malcolm ...,£23.43,Available,Two
The Art of Simple ...,£34.32,Available,Three
The Art of Fielding,£22.10,Available,One
"Surely You're Joking, Mr. ...",£25.83,Available,Two
Stiff: The Curious Lives ...,£36.74,Available,Three
Spilled Milk: Based on ...,£49.51,Available,One
Something Borrowed (Darcy & ...,£48.96,Available,Five
Something Blue (Darcy & ...,£54.62,Available,One
Soldier (Talon #3),£24.72,Available,Two
Shopaholic & Baby (Shopaholic ...,£46.45,Available,Two
Seven Days in the ...,£52.33,Available,Two
Seven Brief Lessons on ...,£30.60,Available,Four
Scarlet (The Lunar Chronicles ...,£14.57,Available,Four
Sarah's Key,£46.29,Available,One
"Saga, Volume 3 (Saga ...",£21.57,Available,Five
Running with Scissors,£12.91,Available,Four
Rogue Lawyer (Rogue Lawyer ...,£50.11,Available,Three
Rise of the Rocket ...,£41.67,Available,Four
Rework,£44.88,Available,Two
Reservations for Two,£11.10,Available,Three
Red: The True Story ...,£28.54,Available,Three
Ready Player One,£19.07,Available,Four
Quiet: The Power of ...,£43.55,Available,One
Prodigy: The Graphic Novel ...,£43.63,Available,Three
Persepolis: The Story of ...,£39.13,Available,One
Packing for Mars: The ...,£56.68,Available,Two
Outliers: The Story of ...,£14.16,Available,One
Original Fake,£31.45,Available,Three
Orange Is the New ...,£24.61,Available,Two
One for the Money ...,£32.87,Available,Two
Notes from a Small ...,£40.17,Available,One
Night (The Night Trilogy ...,£13.51,Available,One
Neither Here nor There: ...,£38.95,Available,Three
Naked,£31.69,Available,Three
Morning Star (Red Rising ...,£29.40,Available,One
Miracles from Heaven: A ...,£57.83,Available,One
Midnight Riot (Peter Grant/ ...,£55.46,Available,Two
Me Talk Pretty One ...,£57.60,Available,Two
Manuscript Found in Accra,£34.98,Available,Two
Lust & Wonder,£11.87,Available,Two
Lila (Gilead #3),£12.47,Available,Three
"Life, the Universe and ...",£33.26,Available,Two
Life Without a Recipe,£59.04,Available,Five
Life After Life,£26.13,Available,Two
Letter to a Christian ...,£22.20,Available,One
Let's Pretend This Never ...,£45.11,Available,One
Legend (Legend #1),£43.69,Available,Four
"Lean In: Women, Work, ...",£25.02,Available,One
Lamb: The Gospel According ...,£55.50,Available,Five
Lady Renegades (Rebel Belle ...,£53.04,Available,Five
Jurassic Park (Jurassic Park ...,£44.97,Available,One
It's Never Too Late ...,£42.38,Available,One
Is Everyone Hanging Out ...,£20.11,Available,Three
Into the Wild,£56.70,Available,Five
Inferno (Robert Langdon #4),£41.00,Available,Five
In the Garden of ...,£28.85,Available,Three
If I Run (If ...,£49.97,Available,Four
I've Got Your Number,£19.69,Available,One
I Am Malala: The ...,£28.88,Available,Two
Hungry Girl Clean & ...,£33.14,Available,Three
House of Lost Worlds: ...,£43.70,Available,Two
House of Leaves,£54.89,Available,One
Horrible Bear!,£37.52,Available,Two
Holidays on Ice,£51.07,Available,Two
Heir to the Sky,£44.07,Available,Four
Green Eggs and Ham ...,£10.79,Available,Four
"Grayson, Vol 3: Nemesis ...",£42.72,Available,One
Gratitude,£26.66,Available,Five
Gone Girl,£37.60,Available,Five
Golden (Heart of Dread ...,£42.21,Available,Four
Girl in the Blue ...,£46.83,Available,Two
"Fruits Basket, Vol. 3 ...",£45.17,Available,Two
Friday Night Lights: A ...,£51.22,Available,Three
Fire Bound (Sea Haven/Sisters ...,£21.28,Available,Four
Fifty Shades Freed (Fifty ...,£15.36,Available,Five
Fellside,£38.62,Available,One
Extreme Prey (Lucas Davenport ...,£25.40,Available,Three
Eragon (The Inheritance Cycle ...,£43.87,Available,Three
Eclipse (Twilight #3),£18.74,Available,One
Dune (Dune #1),£54.86,Available,One
Dracula,£52.62,Available,Three
Do Androids Dream of ...,£51.48,Available,One
Disrupted: My Misadventure in ...,£15.28,Available,Five
Dead Wake: The Last ...,£39.24,Available,Five
"David and Goliath: Underdogs, ...",£17.81,Available,One
Darkfever (Fever #1),£56.02,Available,One
Dark Places,£23.90,Available,Five
Crazy Rich Asians (Crazy ...,£49.13,Available,Five
Counting Thyme,£10.62,Available,One
Cosmos,£36.17,Available,Two
Civilization and Its Discontents,£59.95,Available,Two
Cinder (The Lunar Chronicles ...,£26.09,Available,One
Catastrophic Happiness: Finding Joy ...,£37.35,Available,Two
Career of Evil (Cormoran ...,£24.72,Available,Two
Breaking Dawn (Twilight #4),£35.28,Available,Five
Brave Enough,£51.32,Available,Five
Boy Meets Boy,£21.12,Available,Three
Born to Run: A ...,£27.35,Available,Two
Blink: The Power of ...,£21.74,Available,Five
Black Flags: The Rise ...,£40.87,Available,One
"Black Butler, Vol. 1 ...",£49.31,Available,One
Big Little Lies,£22.11,Available,One
Between Shades of Gray,£20.79,Available,Five
Best of My Love ...,£27.41,Available,Two
Beowulf,£38.35,Available,Two
Beautiful Creatures (Caster Chronicles ...,£21.55,Available,Five
Awkward,£38.02,Available,Two
Ash,£22.06,Available,Four
Are We There Yet?,£10.66,Available,Three
Are We Smart Enough ...,£56.58,Available,One
Annie on My Mind,£36.83,Available,Five
And Then There Were ...,£35.01,Available,Two
A Walk in the ...,£30.48,Available,Four
A Visit from the ...,£14.08,Available,Five
A Storm of Swords ...,£31.22,Available,Two
A Heartbreaking Work of ...,£54.29,Available,Five
8 Keys to Mental ...,£31.04,Available,One
#GIRLBOSS,£50.96,Available,One
The Suffragettes (Little Black ...,£11.89,Available,Two
The Sense of an ...,£31.38,Available,Three
"The Sandman, Vol. 2: ...",£54.81,Available,One
The Course of Love,£16.78,Available,Three
Sugar Rush (Offensive Line ...,£24.42,Available,One
"Saga, Volume 2 (Saga ...",£11.75,Available,Three
"Run, Spot, Run: The ...",£20.02,Available,One
New Moon (Twilight #2),£12.86,Available,Four
Life,£31.58,Available,Five
Kindle Paperwhite User's Guide,£34.00,Available,Three
H is for Hawk,£57.42,Available,Five
Girl Online On Tour ...,£53.47,Available,One
"Fruits Basket, Vol. 2 ...",£11.64,Available,Five
Diary of a Minecraft ...,£52.88,Available,Four
"Y: The Last Man, ...",£18.51,Available,Four
While You Were Mine,£41.32,Available,Five
Where Lightning Strikes (Bleeding ...,£39.77,Available,Three
When I'm Gone,£51.96,Available,Three
Ways of Seeing,£39.51,Available,Five
"Vampire Knight, Vol. 1 ...",£15.40,Available,One
Vampire Girl (Vampire Girl ...,£53.82,Available,Two
Twenty Love Poems and ...,£30.95,Available,Four
Travels with Charley: In ...,£57.82,Available,Five
Three Wishes (River of ...,£44.18,Available,Two
This One Moment (Pushing ...,£48.71,Available,One
The Zombie Room,£19.69,Available,Five
The Wicked + The ...,£36.52,Available,Two
The Tumor,£41.56,Available,Five
The Story of Hong ...,£43.19,Available,Four
The Silent Wife,£12.34,Available,Five
The Silent Twin (Detective ...,£36.25,Available,Three
The Selfish Gene,£29.45,Available,One
The Secret Healer,£34.56,Available,Three
"The Sandman, Vol. 1: ...",£54.12,Available,Three
The Republic,£33.78,Available,Three
The Odyssey,£29.64,Available,Three
The No. 1 Ladies' ...,£57.70,Available,Four
The Nicomachean Ethics,£36.34,Available,One
The Name of the ...,£50.59,Available,Three
The Mirror & the ...,£29.38,Available,One
The Little Prince,£45.42,Available,Two
The Light of the ...,£54.43,Available,One
The Last Girl (The ...,£36.26,Available,Two
The Iliad,£16.16,Available,One
The Hook Up (Game ...,£36.29,Available,Five
The Haters,£27.89,Available,Five
The Girl You Lost,£12.29,Available,Five
The Girl In The ...,£15.85,Available,Three
The End of the ...,£14.40,Available,One
The Edge of Reason ...,£19.18,Available,Four
The Complete Maus (Maus ...,£10.64,Available,Three
The Communist Manifesto,£14.76,Available,Three
The Bhagavad Gita,£57.49,Available,Three
The Bette Davis Club,£30.66,Available,Three
The Art of Not ...,£40.83,Available,Four
Taking Shots (Assassins #1),£18.88,Available,Two
Starlark,£25.83,Available,Three
"Skip Beat!, Vol. 01 ...",£42.12,Available,Three
Sister Sable (The Mad ...,£13.33,Available,Three
Shatter Me (Shatter Me ...,£42.40,Available,One
Shameless,£58.35,Available,Three
Shadow Rites (Jane Yellowrock ...,£21.72,Available,Four
Settling the Score (The ...,£44.91,Available,Two
Sense and Sensibility,£37.46,Available,One
"Saga, Volume 1 (Saga ...",£28.48,Available,One
"Rhythm, Chord & Malykhin",£28.34,Available,Two
"Rat Queens, Vol. 1: ...",£46.96,Available,Five
Paradise Lost (Paradise #1),£24.96,Available,One
"Paper Girls, Vol. 1 ...",£21.71,Available,Four
Ouran High School Host ...,£29.87,Available,Three
Origins (Alphas 0.5),£28.99,Available,One
One Second (Seven #7),£52.94,Available,Two
On the Road (Duluoz ...,£32.36,Available,Three
Old Records Never Die: ...,£55.66,Available,Two
Off Sides (Off #1),£39.45,Available,Five
Of Mice and Men,£47.11,Available,Two
Myriad (Prentor #1),£58.75,Available,Four
My Perfect Mistake (Over ...,£38.92,Available,Two
"Ms. Marvel, Vol. 1: ...",£39.39,Available,Four
Meditations,£25.89,Available,Two
Matilda,£28.34,Available,One
Lost Among the Living,£27.70,Available,Four
Lord of the Flies,£24.89,Available,Three
Listen to Me (Fusion ...,£58.99,Available,Three
Kitchens of the Great ...,£57.20,Available,Five
Jane Eyre,£38.43,Available,Five
Imperfect Harmony,£34.74,Available,Four
Icing (Aces Hockey #2),£40.44,Available,Four
"Hawkeye, Vol. 1: My ...",£45.24,Available,Three
Having the Barbarian's Baby ...,£34.96,Available,Four
"Giant Days, Vol. 1 ...",£56.76,Available,Four
"Fruits Basket, Vol. 1 ...",£40.28,Available,Five
Frankenstein,£38.00,Available,Two
Forever Rockers (The Rocker ...,£28.80,Available,Three
Fighting Fate (Fighting #6),£39.24,Available,Three
Emma,£32.93,Available,Two
"Eat, Pray, Love",£51.32,Available,Three
Deep Under (Walker Security ...,£47.09,Available,Five
Choosing Our Religion: The ...,£28.42,Available,Four
Charlie and the Chocolate ...,£22.85,Available,Three
Charity's Cross (Charles Towne ...,£41.24,Available,One
Bright Lines,£39.07,Available,Five
Bridget Jones's Diary (Bridget ...,£29.82,Available,One
Bounty (Colorado Mountain #7),£37.26,Available,Four
Blood Defense (Samantha Brinkman ...,£20.30,Available,Three
"Bleach, Vol. 1: Strawberry ...",£34.65,Available,Five
Beyond Good and Evil,£43.38,Available,One
Alice in Wonderland (Alice's ...,£55.53,Available,One
"Ajin: Demi-Human, Volume 1 ...",£57.06,Available,Four
A Spy's Devotion (The ...,£16.97,Available,Five
1st to Die (Women's ...,£53.98,Available,One
"1,000 Places to See ...",£26.08,Available,Five
